<?xml version="1.0" encoding="UTF-8"?>
<accounts>
 <account id="6">
  <name>EDFG Group Limited</name>
  <fixedinfo attr="XMLExport Test">
   <date>19-10-2013</date>
   <contact id="29">
    <name>Susan Wilson</name>
    <email>susan_wilson@company.com</email>
   </contact>
  </fixedinfo>
  <fixedinfo attr="XMLExport Test">
   <date>19-10-2013</date>
   <noneofthese>noneofthese</noneofthese>
  </fixedinfo>
  <contact id="143">
   <contactnum>1</contactnum>
   <name>Joe Bordes</name>
   <email></email>
  </contact>
  <contact id="30">
   <contactnum>2</contactnum>
   <name>Margaret Moore</name>
   <email>margaret_moore@company.com</email>
   <ticket>
    <hdnum>TT4</hdnum>
    <hdtitle>Import Error CSV Leads</hdtitle>
   </ticket>
  </contact>
  <contact id="29">
   <contactnum>3</contactnum>
   <name>Susan Wilson</name>
   <email>susan_wilson@company.com</email>
   <ticket>
    <hdnum>TT3</hdnum>
    <hdtitle>Export Output query</hdtitle>
   </ticket>
  </contact>
  <countcontacts attr="attr">3</countcontacts>
  <contact id="29">
   <name>Susan Wilson</name>
   <email>susan_wilson@company.com</email>
  </contact>
  <invoice id="91">
   <name>INV3 vtiger5usrp_invoice71134</name>
   <total>4.050,00</total>
   <totalenletras>cuatro mil cincuenta</totalenletras>
   <pdoline>
    <pdoname>Vtiger 5 Users Pack</pdoname>
    <pdocode>002</pdocode>
   </pdoline>
   <pdoline>
    <pdoname>Brother Ink Jet Cartridge</pdoname>
    <pdocode>sg-125</pdocode>
   </pdoline>
  </invoice>
  <invoice id="142">
   <name>INV6 vtiger5usrp_invoice2</name>
   <total>8.050,00</total>
   <totalenletras>ocho mil cincuenta</totalenletras>
   <pdoline>
    <pdoname>Vtiger 5 Users Pack</pdoname>
    <pdocode>002</pdocode>
   </pdoline>
   <pdoline>
    <pdoname>Brother Ink Jet Cartridge</pdoname>
    <pdocode>sg-125</pdocode>
   </pdoline>
  </invoice>
  <countinvoices attr="total count of invoices">2</countinvoices>
  <totalsuminvoices attr="total sum of invoice totals">12100</totalsuminvoices>
 </account>
</accounts>
