<?xml version='1.0'?>
<module>
<name>cbupdater</name>
<label>cbupdater</label>
<parent>Settings</parent>
<version>5.4</version>
<short_description>coreBOS continous updater.</short_description>
<dependencies>
<vtiger_version>5.4.0</vtiger_version>
<vtiger_max_version>5.*</vtiger_max_version>
</dependencies>
<license>
<inline><![CDATA[
 ********************************************************************************
 * Copyright 2014 JPL TSolucio, S.L. -- This file is a part of cbupdater coreBOS Extension.
 * Licensed under the vtiger CRM Public License Version 1.1 (the "License"); you may not use this
 * file except in compliance with the License. You can redistribute it and/or modify it
 * under the terms of the License. JPL TSolucio, S.L. reserves all rights not expressly
 * granted by the License. coreBOS distributed by JPL TSolucio S.L. is distributed in
 * the hope that it will be useful, but WITHOUT ANY WARRANTY; without even the implied
 * warranty of MERCHANTABILITY or FITNESS FOR A PARTICULAR PURPOSE. Unless required by
 * applicable law or agreed to in writing, software distributed under the License is
 * distributed on an "AS IS" BASIS, WITHOUT ANY WARRANTIES OR CONDITIONS OF ANY KIND,
 * either express or implied. See the License for the specific language governing
 * permissions and limitations under the License. You may obtain a copy of the License
 * at <http://corebos.org/documentation/doku.php?id=en:devel:vpl11>
 ********************************************************************************
 *  Module       : coreBOS continous updater.
 *  Version      : 1.0
 *  Author       : JPL TSolucio, S. L.   Joe Bordes
 ********************************************************************************
]]></inline>
</license>
<tables>
<table>
<name>vtiger_cbupdater</name>
<sql><![CDATA[CREATE TABLE `vtiger_cbupdater` (
  `cbupdaterid` int(11) default NULL,
  `cbupd_no` varchar(26) default NULL,
  `author` varchar(83) default NULL,
  `filename` varchar(218) default NULL,
  `pathfilename` varchar(218) default NULL,
  `classname` varchar(183) default NULL,
  `execstate` varchar(56) default NULL,
  `systemupdate` varchar(3) default NULL,
  `execdate` date default NULL,
  `execorder` int(11) default NULL,
  PRIMARY KEY (`cbupdaterid`),
  UNIQUE KEY `findupdate` (`filename`,`classname`)
) ENGINE=InnoDB DEFAULT CHARSET=utf8]]></sql>
</table>
<table>
<name>vtiger_cbupdatercf</name>
<sql><![CDATA[CREATE TABLE `vtiger_cbupdatercf` (
  `cbupdaterid` int(11) NOT NULL,
  PRIMARY KEY (`cbupdaterid`)
) ENGINE=InnoDB DEFAULT CHARSET=utf8]]></sql>
</table>
</tables>
<blocks>
<block>
<label>LBL_cbupdater_INFORMATION</label>
<fields>
<field>
<fieldname>cbupd_no</fieldname>
<uitype>4</uitype>
<columnname>cbupd_no</columnname>
<tablename>vtiger_cbupdater</tablename>
<generatedtype>1</generatedtype>
<fieldlabel>cbupd_no</fieldlabel>
<readonly>1</readonly>
<presence>0</presence>
<selected>0</selected>
<sequence>1</sequence>
<maximumlength>100</maximumlength>
<typeofdata>V~M</typeofdata>
<quickcreate>0</quickcreate>
<quickcreatesequence>0</quickcreatesequence>
<displaytype>1</displaytype>
<info_type>BAS</info_type>
<helpinfo><![CDATA[]]></helpinfo>
<masseditable>1</masseditable>
<entityidentifier>
<entityidfield>cbupdaterid</entityidfield>
<entityidcolumn>cbupdaterid</entityidcolumn>
</entityidentifier>
</field>
<field>
<fieldname>author</fieldname>
<uitype>1</uitype>
<columnname>author</columnname>
<tablename>vtiger_cbupdater</tablename>
<generatedtype>1</generatedtype>
<fieldlabel>author</fieldlabel>
<readonly>1</readonly>
<presence>0</presence>
<selected>0</selected>
<sequence>2</sequence>
<maximumlength>100</maximumlength>
<typeofdata>V~O</typeofdata>
<quickcreate>0</quickcreate>
<quickcreatesequence>0</quickcreatesequence>
<displaytype>1</displaytype>
<info_type>BAS</info_type>
<helpinfo><![CDATA[]]></helpinfo>
<masseditable>1</masseditable>
</field>
<field>
<fieldname>filename</fieldname>
<uitype>1</uitype>
<columnname>filename</columnname>
<tablename>vtiger_cbupdater</tablename>
<generatedtype>1</generatedtype>
<fieldlabel>filename</fieldlabel>
<readonly>1</readonly>
<presence>0</presence>
<selected>0</selected>
<sequence>3</sequence>
<maximumlength>100</maximumlength>
<typeofdata>V~O</typeofdata>
<quickcreate>0</quickcreate>
<quickcreatesequence>0</quickcreatesequence>
<displaytype>1</displaytype>
<info_type>BAS</info_type>
<helpinfo><![CDATA[]]></helpinfo>
<masseditable>1</masseditable>
</field>
<field>
<fieldname>classname</fieldname>
<uitype>1</uitype>
<columnname>classname</columnname>
<tablename>vtiger_cbupdater</tablename>
<generatedtype>1</generatedtype>
<fieldlabel>classname</fieldlabel>
<readonly>1</readonly>
<presence>0</presence>
<selected>0</selected>
<sequence>5</sequence>
<maximumlength>100</maximumlength>
<typeofdata>V~O</typeofdata>
<quickcreate>0</quickcreate>
<quickcreatesequence>0</quickcreatesequence>
<displaytype>1</displaytype>
<info_type>BAS</info_type>
<helpinfo><![CDATA[]]></helpinfo>
<masseditable>1</masseditable>
</field>
<field>
<fieldname>execstate</fieldname>
<uitype>15</uitype>
<columnname>execstate</columnname>
<tablename>vtiger_cbupdater</tablename>
<generatedtype>1</generatedtype>
<fieldlabel>execstate</fieldlabel>
<readonly>1</readonly>
<presence>2</presence>
<selected>0</selected>
<sequence>4</sequence>
<maximumlength>100</maximumlength>
<typeofdata>V~O</typeofdata>
<quickcreate>1</quickcreate>
<quickcreatesequence>2</quickcreatesequence>
<displaytype>1</displaytype>
<info_type>BAS</info_type>
<helpinfo><![CDATA[]]></helpinfo>
<masseditable>1</masseditable>
<picklistvalues>
<picklistvalue>Pending</picklistvalue>
<picklistvalue>Executed</picklistvalue>
<picklistvalue>Error</picklistvalue>
</picklistvalues>
</field>
<field>
<fieldname>execdate</fieldname>
<uitype>5</uitype>
<columnname>execdate</columnname>
<tablename>vtiger_cbupdater</tablename>
<generatedtype>1</generatedtype>
<fieldlabel>execdate</fieldlabel>
<readonly>1</readonly>
<presence>2</presence>
<selected>0</selected>
<sequence>6</sequence>
<maximumlength>100</maximumlength>
<typeofdata>D~O</typeofdata>
<quickcreate>1</quickcreate>
<quickcreatesequence>3</quickcreatesequence>
<displaytype>1</displaytype>
<info_type>BAS</info_type>
<helpinfo><![CDATA[]]></helpinfo>
<masseditable>1</masseditable>
</field>
<field>
<fieldname>systemupdate</fieldname>
<uitype>56</uitype>
<columnname>systemupdate</columnname>
<tablename>vtiger_cbupdater</tablename>
<generatedtype>1</generatedtype>
<fieldlabel>systemupdate</fieldlabel>
<readonly>1</readonly>
<presence>2</presence>
<selected>0</selected>
<sequence>7</sequence>
<maximumlength>100</maximumlength>
<typeofdata>C~O</typeofdata>
<quickcreate>1</quickcreate>
<quickcreatesequence>4</quickcreatesequence>
<displaytype>1</displaytype>
<info_type>BAS</info_type>
<helpinfo><![CDATA[]]></helpinfo>
<masseditable>1</masseditable>
</field>
<field>
<fieldname>execorder</fieldname>
<uitype>7</uitype>
<columnname>execorder</columnname>
<tablename>vtiger_cbupdater</tablename>
<generatedtype>1</generatedtype>
<fieldlabel>execorder</fieldlabel>
<readonly>1</readonly>
<presence>2</presence>
<selected>0</selected>
<sequence>8</sequence>
<maximumlength>100</maximumlength>
<typeofdata>I~O</typeofdata>
<quickcreate>1</quickcreate>
<quickcreatesequence>3</quickcreatesequence>
<displaytype>1</displaytype>
<info_type>BAS</info_type>
<helpinfo><![CDATA[]]></helpinfo>
<masseditable>1</masseditable>
</field>
<field>
<fieldname>assigned_user_id</fieldname>
<uitype>53</uitype>
<columnname>smownerid</columnname>
<tablename>vtiger_crmentity</tablename>
<generatedtype>1</generatedtype>
<fieldlabel>Assigned To</fieldlabel>
<readonly>1</readonly>
<presence>0</presence>
<selected>0</selected>
<sequence>9</sequence>
<maximumlength>100</maximumlength>
<typeofdata>V~M</typeofdata>
<quickcreate>1</quickcreate>
<quickcreatesequence>1</quickcreatesequence>
<displaytype>1</displaytype>
<info_type>BAS</info_type>
<helpinfo><![CDATA[]]></helpinfo>
<masseditable>1</masseditable>
</field>
<field>
<fieldname>createdtime</fieldname>
<uitype>70</uitype>
<columnname>createdtime</columnname>
<tablename>vtiger_crmentity</tablename>
<generatedtype>1</generatedtype>
<fieldlabel>Created Time</fieldlabel>
<readonly>1</readonly>
<presence>0</presence>
<selected>0</selected>
<sequence>10</sequence>
<maximumlength>100</maximumlength>
<typeofdata>T~O</typeofdata>
<quickcreate>3</quickcreate>
<quickcreatesequence>8</quickcreatesequence>
<displaytype>2</displaytype>
<info_type>BAS</info_type>
<helpinfo><![CDATA[]]></helpinfo>
<masseditable>1</masseditable>
</field>
<field>
<fieldname>modifiedtime</fieldname>
<uitype>70</uitype>
<columnname>modifiedtime</columnname>
<tablename>vtiger_crmentity</tablename>
<generatedtype>1</generatedtype>
<fieldlabel>Modified Time</fieldlabel>
<readonly>1</readonly>
<presence>0</presence>
<selected>0</selected>
<sequence>11</sequence>
<maximumlength>100</maximumlength>
<typeofdata>T~O</typeofdata>
<quickcreate>3</quickcreate>
<quickcreatesequence>9</quickcreatesequence>
<displaytype>2</displaytype>
<info_type>BAS</info_type>
<helpinfo><![CDATA[]]></helpinfo>
<masseditable>1</masseditable>
</field>
</fields>
</block>
<block>
<label>LBL_CUSTOM_INFORMATION</label>
</block>
<block>
<label>LBL_DESCRIPTION_INFORMATION</label>
<fields>
<field>
<fieldname>description</fieldname>
<uitype>19</uitype>
<columnname>description</columnname>
<tablename>vtiger_crmentity</tablename>
<generatedtype>1</generatedtype>
<fieldlabel>Description</fieldlabel>
<readonly>1</readonly>
<presence>2</presence>
<selected>0</selected>
<sequence>1</sequence>
<maximumlength>100</maximumlength>
<typeofdata>V~O</typeofdata>
<quickcreate>1</quickcreate>
<quickcreatesequence>10</quickcreatesequence>
<displaytype>1</displaytype>
<info_type>BAS</info_type>
<helpinfo><![CDATA[]]></helpinfo>
<masseditable>1</masseditable>
</field>
</fields>
</block>
</blocks>
<customviews>
<customview>
<viewname>All</viewname>
<setdefault>false</setdefault>
<setmetrics>false</setmetrics>
<fields>
<field>
<fieldname>cbupd_no</fieldname>
<columnindex>0</columnindex>
</field>
<field>
<fieldname>execdate</fieldname>
<columnindex>1</columnindex>
</field>
<field>
<fieldname>author</fieldname>
<columnindex>2</columnindex>
</field>
<field>
<fieldname>filename</fieldname>
<columnindex>3</columnindex>
</field>
<field>
<fieldname>execstate</fieldname>
<columnindex>4</columnindex>
</field>
<field>
<fieldname>systemupdate</fieldname>
<columnindex>5</columnindex>
</field>
<field>
<fieldname>assigned_user_id</fieldname>
<columnindex>6</columnindex>
</field>
</fields>
</customview>
<customview>
<viewname>Applied</viewname>
<setdefault>false</setdefault>
<setmetrics>false</setmetrics>
<fields>
<field>
<fieldname>cbupd_no</fieldname>
<columnindex>0</columnindex>
</field>
<field>
<fieldname>execdate</fieldname>
<columnindex>1</columnindex>
</field>
<field>
<fieldname>author</fieldname>
<columnindex>2</columnindex>
</field>
<field>
<fieldname>filename</fieldname>
<columnindex>3</columnindex>
</field>
<field>
<fieldname>execstate</fieldname>
<columnindex>4</columnindex>
<rules>
<rule>
<columnindex>0</columnindex>
<comparator>EQUALS</comparator>
<value>Executed</value>
</rule>
</rules>
</field>
<field>
<fieldname>systemupdate</fieldname>
<columnindex>5</columnindex>
</field>
<field>
<fieldname>assigned_user_id</fieldname>
<columnindex>6</columnindex>
</field>
</fields>
</customview>
<customview>
<viewname>Pending</viewname>
<setdefault>false</setdefault>
<setmetrics>false</setmetrics>
<fields>
<field>
<fieldname>cbupd_no</fieldname>
<columnindex>0</columnindex>
</field>
<field>
<fieldname>execdate</fieldname>
<columnindex>1</columnindex>
</field>
<field>
<fieldname>author</fieldname>
<columnindex>2</columnindex>
</field>
<field>
<fieldname>filename</fieldname>
<columnindex>3</columnindex>
</field>
<field>
<fieldname>execstate</fieldname>
<columnindex>4</columnindex>
<rules>
<rule>
<columnindex>0</columnindex>
<comparator>EQUALS</comparator>
<value>Pending</value>
</rule>
</rules>
</field>
<field>
<fieldname>systemupdate</fieldname>
<columnindex>5</columnindex>
</field>
<field>
<fieldname>assigned_user_id</fieldname>
<columnindex>6</columnindex>
</field>
</fields>
</customview>
<customview>
<viewname>Error</viewname>
<setdefault>false</setdefault>
<setmetrics>false</setmetrics>
<fields>
<field>
<fieldname>cbupd_no</fieldname>
<columnindex>0</columnindex>
</field>
<field>
<fieldname>execdate</fieldname>
<columnindex>1</columnindex>
</field>
<field>
<fieldname>author</fieldname>
<columnindex>2</columnindex>
</field>
<field>
<fieldname>filename</fieldname>
<columnindex>3</columnindex>
</field>
<field>
<fieldname>execstate</fieldname>
<columnindex>4</columnindex>
<rules>
<rule>
<columnindex>0</columnindex>
<comparator>EQUALS</comparator>
<value>Error</value>
</rule>
</rules>
</field>
<field>
<fieldname>systemupdate</fieldname>
<columnindex>5</columnindex>
</field>
<field>
<fieldname>assigned_user_id</fieldname>
<columnindex>6</columnindex>
</field>
</fields>
</customview>
</customviews>
<sharingaccess>
<default>private</default>
</sharingaccess>
<actions>
<action>
<name><![CDATA[Merge]]></name>
<status>disabled</status>
</action>
<action>
<name><![CDATA[Import]]></name>
<status>disabled</status>
</action>
</actions>
<customlinks>
<customlink>
<linktype>LISTVIEWBASIC</linktype>
<linklabel>GetUpdates</linklabel>
<linkurl><![CDATA[javascript:gotourl('index.php?module=cbupdater&action=getupdates')]]></linkurl>
<linkicon><![CDATA[]]></linkicon>
<sequence>0</sequence>
</customlink>
<customlink>
<linktype>LISTVIEWBASIC</linktype>
<linklabel>Apply</linklabel>
<linkurl><![CDATA[javascript:cbupdater.applyselected()]]></linkurl>
<linkicon><![CDATA[]]></linkicon>
<sequence>1</sequence>
</customlink>
<customlink>
<linktype>LISTVIEWBASIC</linktype>
<linklabel>ApplyAll</linklabel>
<linkurl><![CDATA[javascript:gotourl('index.php?module=cbupdater&action=dowork&idstring=all')]]></linkurl>
<linkicon><![CDATA[]]></linkicon>
<sequence>2</sequence>
</customlink>
<customlink>
<linktype>LISTVIEWBASIC</linktype>
<linklabel>Undo</linklabel>
<linkurl><![CDATA[javascript:cbupdater.undoselected()]]></linkurl>
<linkicon><![CDATA[]]></linkicon>
<sequence>3</sequence>
</customlink>
<customlink>
<linktype>LISTVIEWBASIC</linktype>
<linklabel>ExportXML</linklabel>
<linkurl><![CDATA[javascript:cbupdater.exportselected()]]></linkurl>
<linkicon><![CDATA[]]></linkicon>
<sequence>4</sequence>
</customlink>
<customlink>
<linktype>DETAILVIEWWIDGET</linktype>
<linklabel>Execute</linklabel>
<linkurl><![CDATA[module=cbupdater&action=cbupdaterAjax&file=cbupdaterWidget&record=$RECORD$]]></linkurl>
<linkicon><![CDATA[]]></linkicon>
<sequence>0</sequence>
</customlink>
</customlinks>
</module>
